<TICKER>;<PER>;<DATE>;<TIME>;<OPEN>;<HIGH>;<LOW>;<CLOSE>;<VOL>
AAPL;D;230103;000000;130.28;130.9;124.17;125.05;81814063
AAPL;D;230104;000000;126.89;128.6557;125.08;126.38;68028141
AAPL;D;230105;000000;127.13;127.77;124.76;125.03;60355210
AAPL;D;230106;000000;126.01;130.29;124.89;129.5;64499963
AAPL;D;230109;000000;130.465;133.41;129.89;130.19;53335580
AAPL;D;230110;000000;130.26;131.2636;128.12;130.75;51146032
AAPL;D;230111;000000;131.25;133.51;130.46;133.48;51412280
AAPL;D;230112;000000;133.88;134.26;131.44;133.385;51993979
AAPL;D;230113;000000;132.03;134.92;131.66;134.7;43773359
AAPL;D;230117;000000;134.83;137.29;134.13;135.93;46882318
AAPL;D;230118;000000;136.815;138.61;135.03;135.2;50370063
AAPL;D;230119;000000;134.08;136.25;133.77;135.2822;43645285
AAPL;D;230120;000000;135.28;138.02;134.22;137.84;54528858
AAPL;D;230123;000000;138.12;143.315;137.9;141.1;62906217
AAPL;D;230124;000000;140.305;143.16;140.3;142.5;44299686
AAPL;D;230125;000000;140.89;142.43;138.81;141.8501;49530701
AAPL;D;230126;000000;143.17;144.25;141.9;143.92;39935571
AAPL;D;230127;000000;143.155;147.23;143.08;145.97;50733665
AAPL;D;230130;000000;144.955;145.55;142.85;143.03;45846225
AAPL;D;230131;000000;142.7;144.34;142.28;144.3;37779915
AAPL;D;230201;000000;143.97;146.61;141.32;145.46;56735103
AAPL;D;230202;000000;148.9;151.18;148.17;150.92;70615877
AAPL;D;230203;000000;148.03;157.38;147.83;154.5;109181607
AAPL;D;230206;000000;152.575;153.1;150.78;151.68;49404667
AAPL;D;230207;000000;150.64;155.23;150.64;154.64;59625018
AAPL;D;230208;000000;153.88;154.58;151.168;151.945;44697124
AAPL;D;230209;000000;153.775;154.33;150.42;150.88;38726259
AAPL;D;230210;000000;149.46;151.3401;149.22;151.02;37744244
AAPL;D;230213;000000;150.952;154.26;150.92;153.84;43019308
AAPL;D;230214;000000;152.12;153.77;150.86;153.1;44027970
AAPL;D;230215;000000;153.11;155.5;152.88;155.36;46981368
AAPL;D;230216;000000;153.51;156.33;153.3475;153.69;47099978
AAPL;D;230217;000000;152.35;153;150.85;152.54;41766044
AAPL;D;230221;000000;150.2;151.3;148.405;148.48;37699481
AAPL;D;230222;000000;148.87;149.95;147.16;148.93;37729513
AAPL;D;230223;000000;150.09;150.34;147.24;149.42;35279335
AAPL;D;230224;000000;147.11;147.19;145.7202;146.71;39777155
AAPL;D;230227;000000;147.71;149.17;147.45;147.9189;32026056
AAPL;D;230228;000000;147.05;149.08;146.83;147.4;30218121
AAPL;D;230301;000000;146.83;147.2285;145.01;145.33;37115055
AAPL;D;230302;000000;144.38;146.71;143.9;145.9101;36663782
AAPL;D;230303;000000;148.045;151.11;147.33;151.1;47926122
AAPL;D;230306;000000;153.785;156.3;153.46;153.87;65775090
AAPL;D;230307;000000;153.7;154.0299;151.13;151.58;41619577
AAPL;D;230308;000000;152.81;153.47;151.83;152.89;37162123
AAPL;D;230309;000000;153.559;154.535;150.225;150.55;39956799
AAPL;D;230310;000000;150.21;150.94;147.6096;148.48;50786753
AAPL;D;230313;000000;147.805;153.14;147.7;150.46;63608182
AAPL;D;230314;000000;151.28;153.4;150.1;152.55;50405514
AAPL;D;230315;000000;151.19;153.245;149.92;152.99;53536727
AAPL;D;230316;000000;152.16;156.46;151.64;155.91;57204136
AAPL;D;230317;000000;156.08;156.74;154.28;155.005;60202136
AAPL;D;230320;000000;155.07;157.82;154.15;157.46;51563193
AAPL;D;230321;000000;157.32;159.4;156.54;159.4;50474679
AAPL;D;230322;000000;159.3;162.14;157.81;157.815;55318089
AAPL;D;230323;000000;158.83;161.5501;157.68;158.89;50052016
AAPL;D;230324;000000;158.86;160.34;157.85;160.25;41853035
AAPL;D;230327;000000;159.94;160.77;157.87;158.3;36554058
AAPL;D;230328;000000;157.97;158.49;155.98;157.67;34140476
AAPL;D;230329;000000;159.37;161.05;159.35;160.78;37235497
AAPL;D;230330;000000;161.53;162.47;161.271;162.37;34761034
AAPL;D;230331;000000;162.44;165;161.91;164.89;43237626
AAPL;D;230403;000000;164.27;166.29;164.22;166.1;38148369
AAPL;D;230404;000000;166.595;166.84;165.11;165.65;30902087
AAPL;D;230405;000000;164.74;165.05;161.8;163.76;38431569
AAPL;D;230406;000000;162.43;164.9584;162;164.65;32016069
AAPL;D;230410;000000;161.42;162.03;160.08;162.025;35066679
AAPL;D;230411;000000;162.35;162.36;160.51;160.8;33505749
AAPL;D;230412;000000;161.22;162.06;159.78;160.13;36396089
AAPL;D;230413;000000;161.63;165.8;161.42;165.59;48330500
AAPL;D;230414;000000;164.59;166.32;163.82;165.21;35680367
AAPL;D;230417;000000;165.09;165.39;164.03;165.27;29441376
AAPL;D;230418;000000;166.1;167.41;165.65;166.46;34378420
AAPL;D;230419;000000;165.8;168.16;165.54;167.62;34129431
AAPL;D;230420;000000;166.09;167.87;165.56;166.65;36399572
AAPL;D;230421;000000;165.05;166.4521;164.49;165.02;40157942
AAPL;D;230424;000000;165;165.6;163.89;165.36;28241458
AAPL;D;230425;000000;165.19;166.305;163.73;163.8;33800633
AAPL;D;230426;000000;163.055;165.28;162.8;163.72;30433237
AAPL;D;230427;000000;165.19;168.56;165.19;168.4;43102429
AAPL;D;230428;000000;168.49;169.85;167.8801;169.69;38014712
AAPL;D;230501;000000;169.28;170.45;168.64;169.56;37102100
AAPL;D;230502;000000;170.09;170.35;167.54;168.55;34192072
AAPL;D;230503;000000;169.5;170.92;167.16;167.465;42186637
AAPL;D;230504;000000;164.89;167.04;164.31;165.78;47309999
AAPL;D;230505;000000;170.975;174.3;170.76;173.62;80779193
AAPL;D;230508;000000;172.48;173.85;172.11;173.52;38392017
AAPL;D;230509;000000;173.05;173.54;171.6;171.78;30550827
AAPL;D;230510;000000;173.02;174.03;171.9;173.5504;37297033
AAPL;D;230511;000000;173.85;174.59;172.17;173.81;36180589
AAPL;D;230512;000000;173.62;174.06;171;172.56;32659537
AAPL;D;230515;000000;173.16;173.21;171.47;172.14;25619556
AAPL;D;230516;000000;171.99;173.1383;171.7991;172.08;30241440
AAPL;D;230517;000000;171.71;172.925;170.4201;172.65;38060970
AAPL;D;230518;000000;173;175.24;172.58;175.07;44582295
AAPL;D;230519;000000;176.39;176.39;174.94;175.19;36759604
AAPL;D;230522;000000;173.98;174.71;173.45;174.24;29988471
AAPL;D;230523;000000;173.13;173.3794;171.275;171.55;32444502
AAPL;D;230524;000000;171.09;172.4183;170.52;171.85;30215466
AAPL;D;230525;000000;172.41;173.895;171.69;172.9984;35232901
AAPL;D;230526;000000;173.32;175.77;173.11;175.38;36438232
AAPL;D;230530;000000;176.96;178.99;176.57;177.33;37620656
AAPL;D;230531;000000;177.325;179.35;176.76;177.42;49920893
AAPL;D;230601;000000;177.7;180.12;176.9306;180.1;46035802
AAPL;D;230602;000000;181.03;181.78;179.26;180.95;43738963
AAPL;D;230605;000000;182.63;184.951;178.035;179.63;97300345
AAPL;D;230606;000000;179.965;180.12;177.43;179.16;47091768
AAPL;D;230607;000000;178.44;181.21;177.32;177.83;41176659
AAPL;D;230608;000000;177.895;180.84;177.46;180.58;33796379
AAPL;D;230609;000000;181.5;182.23;180.63;181.05;33707313
AAPL;D;230612;000000;181.27;183.88;180.97;183.86;29677215
AAPL;D;230613;000000;182.8;184.15;182.44;183.31;34501213
AAPL;D;230614;000000;183.37;184.39;182.02;183.97;38367450
AAPL;D;230615;000000;183.96;186.52;183.78;186.03;43875278
AAPL;D;230616;000000;186.73;186.99;184.27;185.02;48083095
AAPL;D;230620;000000;184.41;186.1;184.41;185.03;31505235
AAPL;D;230621;000000;184.9;185.41;182.5901;183.96;31169640
AAPL;D;230622;000000;183.74;187.045;183.67;186.97;35468275
AAPL;D;230623;000000;185.55;187.56;185.01;186.675;32841647
AAPL;D;230626;000000;186.83;188.05;185.235;185.32;32211550
AAPL;D;230627;000000;185.89;188.39;185.67;188.04;33786485
AAPL;D;230628;000000;187.93;189.9;187.6;189.24;34216134
AAPL;D;230629;000000;189.08;190.07;188.94;189.6;31542978
AAPL;D;230630;000000;191.63;194.48;191.26;193.82;50101987
AAPL;D;230703;000000;193.78;193.88;191.76;192.46;25189456
AAPL;D;230705;000000;191.565;192.98;190.62;191.34;30708410
AAPL;D;230706;000000;189.84;192.02;189.2;191.78;28777634
AAPL;D;230707;000000;191.41;192.67;190.24;190.63;31152862
AAPL;D;230710;000000;189.26;189.99;187.035;188.63;40497972
AAPL;D;230711;000000;189.16;189.3;186.6;188.06;31833753
AAPL;D;230712;000000;189.68;191.7;188.47;189.81;39482504
AAPL;D;230713;000000;190.5;191.19;189.78;190.56;27197477
AAPL;D;230714;000000;190.23;191.1799;189.63;190.72;28006361
AAPL;D;230717;000000;191.9;194.32;191.81;193.98;33979965
AAPL;D;230718;000000;193.35;194.33;192.415;193.73;34017518
AAPL;D;230719;000000;193.1;198.23;192.65;195.11;55166545
AAPL;D;230720;000000;195.09;196.47;192.495;193.16;42890762
AAPL;D;230721;000000;194.1;194.97;191.23;191.93;34415968
AAPL;D;230724;000000;193.41;194.91;192.25;192.74;27279918
AAPL;D;230725;000000;193.33;194.44;192.915;193.62;23087235
AAPL;D;230726;000000;193.67;195.64;193.32;194.52;28377012
AAPL;D;230727;000000;196.02;197.2;192.55;193.23;33254998
AAPL;D;230728;000000;194.67;196.626;194.14;195.8599;29358288
AAPL;D;230731;000000;196.06;196.49;195.26;196.445;23472819
AAPL;D;230801;000000;196.235;196.73;195.28;195.61;22834855
AAPL;D;230802;000000;195.04;195.18;191.8507;192.58;30711026
AAPL;D;230803;000000;191.57;192.37;190.69;191.12;34711576
AAPL;D;230804;000000;185.52;187.38;181.95;181.99;81393469
AAPL;D;230807;000000;182.13;183.13;177.35;178.809;70341527
AAPL;D;230808;000000;179.69;180.27;177.58;179.81;47490618
AAPL;D;230809;000000;180.87;180.93;177.01;178.18;41783057
AAPL;D;230810;000000;179.48;180.75;177.6;177.99;39098697
AAPL;D;230811;000000;177.32;178.62;176.55;177.89;33935523
AAPL;D;230814;000000;177.97;179.69;177.305;179.51;33341790
AAPL;D;230815;000000;178.88;179.48;177.05;177.5;26774514
AAPL;D;230816;000000;177.13;178.54;176.5;176.58;29187895
AAPL;D;230817;000000;177.14;177.5054;173.48;173.99;40720107
AAPL;D;230818;000000;172.3;175.1;171.96;174.49;37064615
AAPL;D;230821;000000;175.07;176.13;173.735;175.86;27884019
AAPL;D;230822;000000;177.06;177.68;176.25;177.22;28929036
AAPL;D;230823;000000;178.52;181.55;178.325;181.18;35940502
AAPL;D;230824;000000;180.674;181.104;176.01;176.33;33176857
AAPL;D;230825;000000;177.38;179.15;175.82;178.66;32040739
AAPL;D;230828;000000;180.09;180.59;178.545;180.21;27744757
AAPL;D;230829;000000;179.695;184.9;179.5;184.12;36824708
AAPL;D;230830;000000;184.94;187.79;184.74;187.67;44805971
AAPL;D;230831;000000;187.84;189.12;187.48;187.9;34525786
AAPL;D;230901;000000;189.485;189.92;188.28;189.44;29951467
AAPL;D;230905;000000;188.28;189.98;187.61;189.69;29777640
AAPL;D;230906;000000;188.4;188.85;181.47;182.85;60647823
AAPL;D;230907;000000;175.18;178.21;173.54;177.58;81965103
AAPL;D;230908;000000;178.35;180.239;177.79;178.19;49260343
AAPL;D;230911;000000;180.07;180.3;177.34;179.38;42066338
AAPL;D;230912;000000;179.49;180.13;174.82;176.31;68738883
AAPL;D;230913;000000;176.51;177.3;173.98;174.2144;57467813
AAPL;D;230914;000000;174;176.1;173.58;175.75;40948620
AAPL;D;230915;000000;176.48;176.495;173.82;174.985;57221998
AAPL;D;230918;000000;176.48;179.38;176.17;177.99;48521659
AAPL;D;230919;000000;177.52;179.63;177.13;179.1;37840301
AAPL;D;230920;000000;179.26;179.695;175.4;175.49;41576252
AAPL;D;230921;000000;174.55;176.3;173.865;173.93;42520784
AAPL;D;230922;000000;174.67;177.079;174.05;174.74;40248574
AAPL;D;230925;000000;174.2;176.97;174.15;176.09;34629086
AAPL;D;230926;000000;174.82;175.2;171.66;171.9;45363909
AAPL;D;230927;000000;172.62;173.04;169.05;170.33;48713983
AAPL;D;230928;000000;169.34;172.03;167.62;170.65;43143609
AAPL;D;230929;000000;172.02;173.07;170.341;171.22;32434034
AAPL;D;231002;000000;171.22;174.3;170.93;173.78;36135081
AAPL;D;231003;000000;172.255;173.63;170.82;172.46;36134338
AAPL;D;231004;000000;171.09;174.21;170.97;173.54;36933535
AAPL;D;231005;000000;173.79;175.45;172.68;174.97;34679096
AAPL;D;231006;000000;173.8;177.99;173.18;177.49;39981750
AAPL;D;231009;000000;176.81;179.05;175.8;179;30881499
AAPL;D;231010;000000;178.1;179.72;177.95;178.41;30853201
AAPL;D;231011;000000;178.2;179.8406;177.6;179.75;31983884
AAPL;D;231012;000000;180.07;182.34;179.04;180.73;42127288
AAPL;D;231013;000000;181.42;181.93;178.14;178.87;34154600
AAPL;D;231016;000000;176.75;179.075;176.51;178.675;37805284
AAPL;D;231017;000000;176.645;178.42;174.8;177.12;43590653
AAPL;D;231018;000000;175.58;177.575;175.11;175.79;38299436
AAPL;D;231019;000000;176.04;177.84;175.19;175.46;38502404
AAPL;D;231020;000000;175.31;175.42;172.64;172.86;41420035
AAPL;D;231023;000000;170.91;174.01;169.93;172.96;40259112
AAPL;D;231024;000000;173.05;173.67;171.45;173.4;31708135
AAPL;D;231025;000000;171.88;173.06;170.65;171.09;36980895
AAPL;D;231026;000000;170.37;171.3775;165.67;166.87;49511101
AAPL;D;231027;000000;166.91;168.96;166.19;168.285;39051541
AAPL;D;231030;000000;169.02;171.17;168.87;170.235;36420813
AAPL;D;231031;000000;169.35;170.9;167.9;170.77;28792266
AAPL;D;231101;000000;171;174.23;170.12;173.91;38062158
AAPL;D;231102;000000;175.52;177.77;175.46;177.72;45468824
AAPL;D;231103;000000;174.24;176.82;173.35;176.63;56068522
AAPL;D;231106;000000;176.38;179.43;176.21;179.3;43149974
AAPL;D;231107;000000;179.18;182.44;178.97;181.88;46271527
AAPL;D;231108;000000;182.35;183.45;181.59;182.89;35180658
AAPL;D;231109;000000;182.96;184.12;181.81;182.44;36963159
AAPL;D;231110;000000;183.97;186.565;183.53;186.34;41227660
AAPL;D;231113;000000;185.82;186.03;184.21;184.76;28533890
AAPL;D;231114;000000;187.7;188.11;186.3;187.45;38015481
AAPL;D;231115;000000;187.845;189.5;187.78;188.09;33879441
AAPL;D;231116;000000;189.57;190.96;188.65;189.7689;39899000
AAPL;D;231117;000000;190.25;190.38;188.57;189.71;33258141
AAPL;D;231120;000000;189.89;191.905;189.88;191.5;29796766
AAPL;D;231121;000000;191.41;191.52;189.74;190.68;25699511
AAPL;D;231122;000000;191.49;192.93;190.825;191.3;28995735
AAPL;D;231124;000000;190.87;190.9;189.25;189.97;19527292
AAPL;D;231127;000000;189.92;190.67;188.9;189.78;24099529
AAPL;D;231128;000000;189.78;191.08;189.4;190.302;25667934
AAPL;D;231129;000000;190.9;192.09;188.97;189.35;25944160
AAPL;D;231130;000000;189.84;190.32;188.19;189.88;25675675
AAPL;D;231201;000000;190.33;191.56;189.23;191.24;27927043
AAPL;D;231204;000000;189.98;190.05;187.4511;189.425;28944819
AAPL;D;231205;000000;190.21;194.4;190.18;193.5;45056376
AAPL;D;231206;000000;194.45;194.75;192.11;192.32;25380098
AAPL;D;231207;000000;193.63;195;193.59;194.24;27681612
AAPL;D;231208;000000;194.2;195.99;193.67;195.701;32041673
AAPL;D;231211;000000;193.11;193.49;191.42;193.19;36557931
AAPL;D;231212;000000;193.08;194.6901;191.721;194.67;29486248
AAPL;D;231213;000000;195.09;198;194.85;197.88;44531475
AAPL;D;231214;000000;198.02;199.62;196.16;198.16;43107004
AAPL;D;231215;000000;197.53;198.3999;197.02;197.12;47474556
AAPL;D;231218;000000;196.09;196.63;194.39;195.9;33050773
AAPL;D;231219;000000;196.16;196.95;195.89;196.92;22006445
AAPL;D;231220;000000;196.9;197.68;194.86;194.87;29273132
AAPL;D;231221;000000;196.1;197.08;193.5;194.69;30230747
AAPL;D;231222;000000;195.18;195.41;192.97;193.62;24920969
AAPL;D;231226;000000;193.61;193.89;192.83;193.07;19458856
AAPL;D;231227;000000;192.49;193.5;191.09;193.17;30614855
AAPL;D;231228;000000;194.14;194.66;193.17;193.58;22241388
AAPL;D;231229;000000;193.9;194.4;191.725;192.5;23611689
AAPL;D;240102;000000;187.15;188.44;183.885;185.61;52592409
AAPL;D;240103;000000;184.22;185.88;183.43;184.31;35745051
AAPL;D;240104;000000;182.15;183.0872;180.88;181.98;44186882
AAPL;D;240105;000000;181.99;182.76;180.17;181.18;41109236
AAPL;D;240108;000000;182.085;185.6;181.5;185.53;34790007
AAPL;D;240109;000000;183.92;185.15;182.73;185.13;26006782
AAPL;D;240110;000000;184.35;186.4;183.92;186.14;28307669
AAPL;D;240111;000000;186.54;187.05;183.62;185.605;30421580
AAPL;D;240112;000000;186.06;186.74;185.19;185.855;23842144
AAPL;D;240116;000000;182.16;184.26;180.934;183.61;38612845
AAPL;D;240117;000000;181.27;182.93;180.3;182.65;31579747
AAPL;D;240118;000000;186.09;189.14;185.83;188.59;51431067
AAPL;D;240119;000000;189.33;191.95;188.82;191.57;38813020
AAPL;D;240122;000000;192.3;195.33;192.26;193.89;39372002
AAPL;D;240123;000000;195.02;195.75;193.8299;195.16;28664077
AAPL;D;240124;000000;195.42;196.38;194.34;194.53;33803467
AAPL;D;240125;000000;195.22;196.2675;193.1125;194.19;36433715
AAPL;D;240126;000000;194.27;194.76;191.94;192.39;27293100
AAPL;D;240129;000000;192.01;192.2;189.58;191.78;27566214
AAPL;D;240130;000000;190.94;191.8;187.47;188.02;37645427
AAPL;D;240131;000000;187.04;187.095;184.48;184.48;31360582
AAPL;D;240201;000000;183.985;186.95;183.88;186.89;33641288
AAPL;D;240202;000000;179.86;187.33;179.25;185.9;65378845
AAPL;D;240205;000000;188.15;189.25;185.84;187.65;43553235
AAPL;D;240206;000000;186.86;189.31;186.84;189.29;28523463
AAPL;D;240207;000000;190.64;191.05;188.61;189.41;33615966
AAPL;D;240208;000000;189.385;189.535;187.35;188.35;26674456
AAPL;D;240209;000000;188.65;189.99;188;188.81;29628843
AAPL;D;240212;000000;188.415;188.67;186.79;187.19;25683392
AAPL;D;240213;000000;185.77;186.19;183.5128;185.03;32246002
AAPL;D;240214;000000;185.32;185.53;182.44;184.02;33977784
AAPL;D;240215;000000;183.55;184.49;181.35;183.95;40542765
AAPL;D;240216;000000;183.42;184.85;181.665;182.29;31356472
AAPL;D;240220;000000;181.79;182.43;180;181.61;31092944
AAPL;D;240221;000000;181.94;182.8888;180.66;182.33;25407540
AAPL;D;240222;000000;183.48;184.955;182.46;184.33;30713103
AAPL;D;240223;000000;185.01;185.04;182.23;182.52;26565906
AAPL;D;240226;000000;182.24;182.76;180.65;181.2;26676573
AAPL;D;240227;000000;181.1;183.9225;179.56;182.66;38641277
AAPL;D;240228;000000;182.51;183.12;180.13;181.44;33923637
AAPL;D;240229;000000;181.27;182.57;179.53;180.63;47766643
AAPL;D;240301;000000;179.55;180.53;177.38;179.66;50972679
AAPL;D;240304;000000;176.15;176.9;173.79;175.09;55284095
AAPL;D;240305;000000;170.76;172.04;169.62;170.13;62276610
AAPL;D;240306;000000;171.06;171.24;168.68;169.12;45326065
AAPL;D;240307;000000;169.15;170.73;168.49;168.98;46759404
AAPL;D;240308;000000;169;173.7;168.95;170.785;53335957
AAPL;D;240311;000000;172.94;174.38;172.05;172.78;38187832
AAPL;D;240312;000000;173.15;174.03;171.01;173.23;37726640
AAPL;D;240313;000000;172.77;173.185;170.76;171.12;31607988
AAPL;D;240314;000000;172.91;174.3078;172.05;173.09;47335475
AAPL;D;240315;000000;171.17;172.6;170.285;172.595;40801104
AAPL;D;240318;000000;175.57;177.71;173.52;173.74;46150627
AAPL;D;240319;000000;174.34;176.605;173.03;176.08;32244233
AAPL;D;240320;000000;175.72;178.67;175.09;178.65;33927526
AAPL;D;240321;000000;177.05;177.49;170.84;171.4;76138768
AAPL;D;240322;000000;171.76;173.05;170.06;172.25;43607792
AAPL;D;240325;000000;170.565;171.94;169.45;170.875;34271268
AAPL;D;240326;000000;170;171.42;169.58;169.815;35298140
AAPL;D;240327;000000;170.41;173.6;170.11;173.41;38624396
AAPL;D;240328;000000;171.75;172.23;170.51;171.47;36970500
AAPL;D;240401;000000;171.19;171.25;169.475;169.97;28707494
AAPL;D;240402;000000;169.08;169.34;168.2302;168.94;28171417
AAPL;D;240403;000000;168.79;170.68;168.58;169.66;29476089
AAPL;D;240404;000000;170.29;171.92;168.83;168.89;34408916
AAPL;D;240405;000000;169.59;170.39;168.95;169.6;26144553
AAPL;D;240408;000000;169.03;169.2;168.24;168.46;23200076
AAPL;D;240409;000000;168.7;170.08;168.35;169.7;29781101
AAPL;D;240410;000000;168.8;169.09;167.11;167.74;31910370
AAPL;D;240411;000000;168.34;175.46;168.16;175.01;61686689
AAPL;D;240412;000000;174.26;178.36;174.2309;176.56;73878885
AAPL;D;240415;000000;175.36;176.63;172.5;172.685;45982966
AAPL;D;240416;000000;171.75;173.7599;168.27;169.37;50387080
AAPL;D;240417;000000;169.61;170.65;168;168.02;30369718
AAPL;D;240418;000000;168.03;168.64;166.55;167.03;27890598
AAPL;D;240419;000000;166.21;166.4;164.075;164.96;39496222
AAPL;D;240422;000000;165.515;167.26;164.77;165.86;28329153
AAPL;D;240423;000000;165.35;167.05;164.92;166.96;28687202
AAPL;D;240424;000000;166.54;169.3;166.3;168.98;30437511
AAPL;D;240425;000000;169.525;170.61;168.1511;169.94;32414612
AAPL;D;240426;000000;169.88;171.34;169.18;169.29;28882287
AAPL;D;240429;000000;173.37;176.03;173.1;173.52;43974658
AAPL;D;240430;000000;173.33;174.99;170.02;170.24;31415846
AAPL;D;240501;000000;169.58;172.705;169.11;169.31;29647735
AAPL;D;240502;000000;172.51;173.415;170.89;173.155;44762332
AAPL;D;240503;000000;186.645;187;182.66;183.39;106163357
AAPL;D;240506;000000;182.354;184.2;180.42;181.7;52820994
AAPL;D;240507;000000;183.45;184.9;181.32;182.37;49429363
AAPL;D;240508;000000;182.85;183.07;181.45;182.75;29780556
AAPL;D;240509;000000;182.56;184.66;182.11;184.62;32136748
AAPL;D;240510;000000;184.9;185.09;182.13;183.01;33138516
AAPL;D;240513;000000;185.435;187.1;184.62;186.285;46539402
AAPL;D;240514;000000;187.51;188.3;186.29;187.39;28337017
AAPL;D;240515;000000;187.91;190.65;187.37;189.74;45225889
AAPL;D;240516;000000;190.47;191.095;189.6601;189.9;32395699
AAPL;D;240517;000000;189.51;190.81;189.31;189.93;23091660
AAPL;D;240520;000000;189.325;191.9199;189.01;191.08;25646981
AAPL;D;240521;000000;191.09;192.73;190.9201;192.35;26196912
AAPL;D;240522;000000;192.265;192.8231;190.27;190.97;20482554
AAPL;D;240523;000000;190.98;191;186.625;186.91;29547569
AAPL;D;240524;000000;188.82;190.58;188.0404;190;23331940
AAPL;D;240528;000000;191.51;193;189.1;190.1;32908888
AAPL;D;240529;000000;189.61;192.247;189.51;190.3;32702548
AAPL;D;240530;000000;190.76;192.18;190.63;191.27;29334462
AAPL;D;240531;000000;191.44;192.57;189.91;192.31;31083809
AAPL;D;240603;000000;192.9;194.99;192.52;194.03;33276125
AAPL;D;240604;000000;194.635;195.32;193.0342;194.34;28283441
AAPL;D;240605;000000;195.4;196.9;194.87;195.86;33417418
AAPL;D;240606;000000;195.685;196.5;194.17;194.48;26214725
AAPL;D;240607;000000;194.65;196.94;194.14;196.92;35722265
AAPL;D;240610;000000;196.9;197.2801;192.15;193.19;69962271
AAPL;D;240611;000000;193.65;207.13;193.63;207.13;131672368
AAPL;D;240612;000000;207.37;220.2;206.9;213.18;151844155
AAPL;D;240613;000000;214.74;216.75;211.6;214.13;61680381
AAPL;D;240614;000000;213.85;215.17;211.3;212.52;45015838
AAPL;D;240617;000000;213.37;218.95;212.72;216.71;62401847
AAPL;D;240618;000000;217.59;218.63;213;214.38;53692251
AAPL;D;240620;000000;213.93;214.24;208.85;209.66;55588262
AAPL;D;240621;000000;210.39;211.89;207.13;207.13;65145803
AAPL;D;240624;000000;207.72;212.7;206.59;208.16;50863560
AAPL;D;240625;000000;209.15;211.38;208.61;209.17;29556396
AAPL;D;240626;000000;211.5;214.86;210.64;213.13;40903911
AAPL;D;240627;000000;214.69;215.7395;212.35;214.09;31666377
AAPL;D;240628;000000;215.77;216.07;210.36;210.49;39859446
AAPL;D;240701;000000;212.09;217.51;211.92;216.72;42388114
AAPL;D;240702;000000;216.15;220.34;215.1;220.34;38056832
AAPL;D;240703;000000;220;221.55;219.03;221.54;24674983
AAPL;D;240705;000000;221.65;226.45;221.65;226.3;40039422
AAPL;D;240708;000000;227.09;227.85;223.25;227.8;38246952
AAPL;D;240709;000000;227.93;229.4;226.3721;228.7;31139205
AAPL;D;240710;000000;229.3;233.07;229.25;232.9;42868059
AAPL;D;240711;000000;231.39;232.39;225.77;227.59;41068733
AAPL;D;240712;000000;228.92;232.64;228.68;230.56;34234371
AAPL;D;240715;000000;236.48;237.23;233.09;234.42;36470564
AAPL;D;240716;000000;235;236.27;232.33;234.81;24511068
AAPL;D;240717;000000;229.45;231.4599;226.64;228.885;33642427
AAPL;D;240718;000000;230.28;230.44;222.27;224.18;39689984
AAPL;D;240719;000000;224.82;226.8;223.275;224.44;25683538
AAPL;D;240722;000000;227.01;227.78;223.09;223.99;27505997
AAPL;D;240723;000000;224.365;226.94;222.68;225.01;22594353
AAPL;D;240724;000000;224;224.8;217.13;218.62;35018766
AAPL;D;240725;000000;218.93;220.85;214.62;217.49;32783596
AAPL;D;240726;000000;218.7;219.49;216.01;218.1;25782773
AAPL;D;240729;000000;216.96;219.3;215.75;218.26;22840636
AAPL;D;240730;000000;219.19;220.325;216.12;218.74;23810500
AAPL;D;240731;000000;221.44;223.82;220.63;222.01;27223247
AAPL;D;240801;000000;224.37;224.48;217.02;218.28;31916724
AAPL;D;240802;000000;219.15;225.6;217.71;219.8;59980281
AAPL;D;240805;000000;199.09;213.5;196.9763;209.3;67580000
AAPL;D;240806;000000;205.3;209.99;201.07;207.13;40067180
AAPL;D;240807;000000;206.9;213.64;206.41;209.86;33802035
AAPL;D;240808;000000;213.11;214.2;208.83;213.35;25828399
AAPL;D;240809;000000;212.1;216.78;211.97;216.3;24347012
AAPL;D;240812;000000;216.07;219.5099;215.6;217.59;22868652
AAPL;D;240813;000000;219.01;221.89;219.01;221.22;21677358
AAPL;D;240814;000000;220.57;223.03;219.7;221.64;22465556
AAPL;D;240815;000000;224.6;225.35;222.76;224.71;22048220
AAPL;D;240816;000000;223.92;226.8271;223.6501;226.1;22128429
AAPL;D;240819;000000;225.72;225.99;223.04;225.91;20617884
AAPL;D;240820;000000;225.77;227.17;225.45;226.54;16178767
AAPL;D;240821;000000;226.52;227.98;225.05;226.36;18581063
AAPL;D;240822;000000;227.79;228.34;223.9;224.58;21370605
AAPL;D;240823;000000;225.6589;228.22;224.33;226.773604;20326868
AAPL;D;240826;000000;226.76;227.26;223.8905;227.26;15727838
AAPL;D;240827;000000;225.995;228.85;224.89;228.09;19312048
AAPL;D;240828;000000;227.92;229.86;225.68;226.54;21827052
AAPL;D;240829;000000;230.1;232.92;228.88;229.79;31335406
AAPL;D;240830;000000;230.19;230.4;227.48;228.97;23797872
AAPL;D;240903;000000;228.55;229;221.17;222.73;26285405
AAPL;D;240904;000000;221.66;221.78;217.48;220.785;27049821
AAPL;D;240905;000000;221.625;225.48;221.52;222.42;21052792
AAPL;D;240906;000000;223.95;225.24;219.77;220.92;25219587
AAPL;D;240909;000000;220.82;221.27;216.71;220.99;45267204
AAPL;D;240910;000000;218.92;221.48;216.73;220.12;30716607
AAPL;D;240911;000000;221.455;223.09;217.89;222.86;26100691
AAPL;D;240912;000000;222.5;223.55;219.82;222.87;22393896
AAPL;D;240913;000000;223.58;224.04;221.91;222.46;21803431
AAPL;D;240916;000000;216.54;223.2;213.92;216.3;38967863
AAPL;D;240917;000000;215.76;216.9;214.5;216.85;27535334
AAPL;D;240918;000000;217.59;222.71;217.54;220.69;37360086
AAPL;D;240919;000000;224.99;229.82;224.63;228.81;40040244
AAPL;D;240920;000000;229.97;233.09;227.62;228.53;84273293
AAPL;D;240923;000000;227.31;229.45;225.81;226.45;26888442
AAPL;D;240924;000000;228.68;229.35;225.73;227.36;17701443
AAPL;D;240925;000000;224.93;227.29;224.02;226.31;21781174
AAPL;D;240926;000000;227.3;228.5;225.41;227.52;19235220
AAPL;D;240927;000000;228.46;229.52;227.3;227.82;16884411
AAPL;D;240930;000000;230;233;229.65;233;27776915
AAPL;D;241001;000000;229.51;229.65;223.74;226.26;35406566
AAPL;D;241002;000000;225.89;227.37;223.02;226.81;21173909
AAPL;D;241003;000000;225.1;226.805;223.32;225.67;19884620
AAPL;D;241004;000000;227.9;228;224.13;226.8;20210558
AAPL;D;241007;000000;224.5;225.69;221.33;221.72;21105129
AAPL;D;241008;000000;224.3;225.98;223.25;225.78;17729988
AAPL;D;241009;000000;225.23;229.75;224.83;229.49;19868870
AAPL;D;241010;000000;227.78;229.5;227.17;229.03;14419014
AAPL;D;241011;000000;229.4;229.41;227.34;227.51;17634369
AAPL;D;241014;000000;228.7;231.73;228.6;231.4;19133720
AAPL;D;241015;000000;233.61;237.49;232.37;233.8;36406077
AAPL;D;241016;000000;231.6;232.12;229.84;231.75;20914233
AAPL;D;241017;000000;233.43;233.85;230.52;232.26;16347445
AAPL;D;241018;000000;236.18;236.18;234.01;234.98;30957305
AAPL;D;241021;000000;234.45;236.85;234.45;236.58;16614019
AAPL;D;241022;000000;233.95;236.22;232.6;235.86;18479040
AAPL;D;241023;000000;233.905;235.144;227.76;230.75;30484108
AAPL;D;241024;000000;229.98;230.82;228.41;230.57;17299629
AAPL;D;241025;000000;229.74;233.22;229.57;231.41;19675779
AAPL;D;241028;000000;233.26;234.73;232.55;233.49;17744694
AAPL;D;241029;000000;233.1;234.325;232.32;233.75;16349220
AAPL;D;241030;000000;232.61;233.47;229.55;230.22;22872643
AAPL;D;241031;000000;229.34;229.83;225.37;225.39;27934877
AAPL;D;241101;000000;220.965;225.35;220.27;222.85;37434580
AAPL;D;241104;000000;220.99;222.79;219.71;222.12;20513147
AAPL;D;241105;000000;221.8;223.95;221.795;223.46;16301921
AAPL;D;241106;000000;222.7;226.065;221.19;222.7;29769788
AAPL;D;241107;000000;224.64;227.875;224.57;227.69;22308441
AAPL;D;241108;000000;227.17;228.66;226.405;227.16;17558792
AAPL;D;241111;000000;225;225.7;221.5;224.25;24636770
AAPL;D;241112;000000;224.55;225.59;223.355;224.24;20522227
AAPL;D;241113;000000;224.01;226.65;222.76;225.22;21012148
AAPL;D;241114;000000;225.02;228.87;225;228.19;22923809
AAPL;D;241115;000000;226.4;226.92;224.27;224.92;25314112
AAPL;D;241118;000000;225.25;229.74;225.17;227.99;19166169
AAPL;D;241119;000000;226.71;230.16;226.66;228.3;17648138
AAPL;D;241120;000000;228.06;229.93;225.89;229;16636316
AAPL;D;241121;000000;228.88;230.155;225.7103;228.51;22754352
AAPL;D;241122;000000;228.06;230.7199;228.06;229.74;20441005
AAPL;D;241125;000000;231.46;233.245;229.74;232.88;27593243
AAPL;D;241126;000000;233.33;235.57;233.33;235.08;24178680
AAPL;D;241127;000000;234.465;235.69;233.8101;234.99;16967377
AAPL;D;241129;000000;234.87;237.81;233.97;237.33;26616688
AAPL;D;241202;000000;237.27;240.79;237.16;239.6;23307004
AAPL;D;241203;000000;239.81;242.76;238.9;242.63;21722579
AAPL;D;241204;000000;242.87;244.11;241.25;243.02;20705391
AAPL;D;241205;000000;243.99;244.54;242.13;243.08;19256546
AAPL;D;241206;000000;242.9;244.63;242.08;242.86;19566595
AAPL;D;241209;000000;241.8;247.24;241.75;246.82;24686550
AAPL;D;241210;000000;246.91;248.21;245.34;247.8;19806255
AAPL;D;241211;000000;247.96;250.8;246.2601;246.43;24696926
AAPL;D;241212;000000;246.89;248.74;245.68;247.94;15320642
AAPL;D;241213;000000;247.815;249.2902;246.24;248.11;15969750
AAPL;D;241216;000000;247.99;251.38;247.65;251.04;20164978
AAPL;D;241217;000000;250.08;253.83;249.78;253.48;23263666
AAPL;D;241218;000000;252.16;254.28;247.74;247.86;28329803
AAPL;D;241219;000000;247.5;252;247.095;249.85;25711395
AAPL;D;241220;000000;248.04;255;245.69;254.6;39639441
AAPL;D;241223;000000;254.77;255.65;253.45;255.31;20249940
AAPL;D;241224;000000;255.49;258.21;255.29;258.2;18638426
AAPL;D;241226;000000;258.19;260.1;257.63;259.1;16863968
AAPL;D;241227;000000;257.83;258.7;253.06;255.73;23074666
AAPL;D;241230;000000;252.23;253.5;250.75;252.06;18932606
AAPL;D;241231;000000;252.44;253.28;249.43;250.38;19261865
AAPL;D;250102;000000;248.99;249.1;241.8201;243.82;35118377
